{
  "__inputs": [
    {
      "name": "DS_HOMEASSISTANT",
      "label": "homeassistant",
      "description": "",
      "type": "datasource",
      "pluginId": "influxdb",
      "pluginName": "InfluxDB"
    }
  ],
  "__requires": [
    {
      "type": "grafana",
      "id": "grafana",
      "name": "Grafana",
      "version": "7.3.3"
    },
    {
      "type": "panel",
      "id": "graph",
      "name": "Graph",
      "version": ""
    },
    {
      "type": "datasource",
      "id": "influxdb",
      "name": "InfluxDB",
      "version": "1.0.0"
    },
    {
      "type": "panel",
      "id": "stat",
      "name": "Stat",
      "version": ""
    }
  ],
  "annotations": {
    "list": [
      {
        "builtIn": 1,
        "datasource": "-- Grafana --",
        "enable": true,
        "hide": true,
        "iconColor": "rgba(0, 211, 255, 1)",
        "name": "Annotations & Alerts",
        "type": "dashboard"
      }
    ]
  },
  "editable": true,
  "gnetId": null,
  "graphTooltip": 0,
  "id": null,
  "iteration": 1610639723251,
  "links": [],
  "panels": [
    {
      "datasource": "${DS_HOMEASSISTANT}",
      "description": "",
      "fieldConfig": {
        "defaults": {
          "custom": {},
          "mappings": [
            {
              "from": "",
              "id": 1,
              "text": "",
              "to": "",
              "type": 1
            }
          ],
          "thresholds": {
            "mode": "absolute",
            "steps": [
              {
                "color": "dark-green",
                "value": null
              }
            ]
          },
          "unit": "currencyUSD"
        },
        "overrides": []
      },
      "gridPos": {
        "h": 4,
        "w": 6,
        "x": 0,
        "y": 0
      },
      "id": 17,
      "options": {
        "colorMode": "value",
        "graphMode": "area",
        "justifyMode": "center",
        "orientation": "auto",
        "reduceOptions": {
          "calcs": [
            "lastNotNull"
          ],
          "fields": "",
          "values": false
        },
        "textMode": "auto"
      },
      "pluginVersion": "7.3.3",
      "targets": [
        {
          "alias": "",
          "groupBy": [
            {
              "params": [
                "10s"
              ],
              "type": "time"
            },
            {
              "params": [
                "linear"
              ],
              "type": "fill"
            }
          ],
          "measurement": "W",
          "orderByTime": "ASC",
          "policy": "default",
          "query": "SELECT mean(\"value\") FROM \"kWh\" WHERE (\"entity_id\" = '6c_total_kwh') AND $timeFilter GROUP BY time($__interval) fill(linear)",
          "rawQuery": false,
          "refId": "A",
          "resultFormat": "time_series",
          "select": [
            [
              {
                "params": [
                  "value"
                ],
                "type": "field"
              },
              {
                "params": [],
                "type": "integral"
              },
              {
                "params": [],
                "type": "cumulative_sum"
              },
              {
                "params": [
                  " / 3600/1000*$cost"
                ],
                "type": "math"
              }
            ]
          ],
          "tags": [
            {
              "key": "entity_id",
              "operator": "=",
              "value": "6c_total_watts"
            }
          ]
        }
      ],
      "timeFrom": null,
      "timeShift": null,
      "title": "Total Cost",
      "type": "stat"
    },
    {
      "datasource": "${DS_HOMEASSISTANT}",
      "description": "",
      "fieldConfig": {
        "defaults": {
          "custom": {},
          "mappings": [
            {
              "from": "",
              "id": 1,
              "text": "",
              "to": "",
              "type": 1
            }
          ],
          "thresholds": {
            "mode": "absolute",
            "steps": [
              {
                "color": "semi-dark-blue",
                "value": null
              }
            ]
          },
          "unit": "kwatth"
        },
        "overrides": []
      },
      "gridPos": {
        "h": 4,
        "w": 6,
        "x": 6,
        "y": 0
      },
      "id": 16,
      "options": {
        "colorMode": "value",
        "graphMode": "area",
        "justifyMode": "center",
        "orientation": "auto",
        "reduceOptions": {
          "calcs": [
            "lastNotNull"
          ],
          "fields": "",
          "values": false
        },
        "textMode": "auto"
      },
      "pluginVersion": "7.3.3",
      "targets": [
        {
          "alias": "kWh",
          "groupBy": [
            {
              "params": [
                "10s"
              ],
              "type": "time"
            }
          ],
          "measurement": "W",
          "orderByTime": "ASC",
          "policy": "default",
          "refId": "A",
          "resultFormat": "time_series",
          "select": [
            [
              {
                "params": [
                  "value"
                ],
                "type": "field"
              },
              {
                "params": [],
                "type": "integral"
              },
              {
                "params": [],
                "type": "cumulative_sum"
              },
              {
                "params": [
                  " / 3600/1000"
                ],
                "type": "math"
              }
            ]
          ],
          "tags": [
            {
              "key": "entity_id",
              "operator": "=",
              "value": "6c_total_watts"
            }
          ]
        }
      ],
      "timeFrom": null,
      "timeShift": null,
      "title": "Total kWh",
      "type": "stat"
    },
    {
      "aliasColors": {
        "Volts": "red"
      },
      "bars": false,
      "dashLength": 10,
      "dashes": false,
      "datasource": "${DS_HOMEASSISTANT}",
      "decimals": null,
      "fieldConfig": {
        "defaults": {
          "custom": {
            "align": null,
            "filterable": false
          },
          "mappings": [],
          "thresholds": {
            "mode": "absolute",
            "steps": [
              {
                "color": "green",
                "value": null
              },
              {
                "color": "red",
                "value": 80
              }
            ]
          }
        },
        "overrides": []
      },
      "fill": 1,
      "fillGradient": 0,
      "gridPos": {
        "h": 8,
        "w": 12,
        "x": 12,
        "y": 0
      },
      "hiddenSeries": false,
      "id": 11,
      "legend": {
        "alignAsTable": true,
        "avg": true,
        "current": true,
        "hideEmpty": false,
        "hideZero": false,
        "max": true,
        "min": true,
        "show": true,
        "total": false,
        "values": true
      },
      "lines": true,
      "linewidth": 1,
      "nullPointMode": "connected",
      "options": {
        "alertThreshold": true
      },
      "percentage": false,
      "pluginVersion": "7.3.3",
      "pointradius": 2,
      "points": false,
      "renderer": "flot",
      "seriesOverrides": [
        {
          "$$hashKey": "object:1715",
          "alias": "hz.mean",
          "yaxis": 2
        },
        {
          "alias": "Hz",
          "yaxis": 2
        }
      ],
      "spaceLength": 10,
      "stack": false,
      "steppedLine": false,
      "targets": [
        {
          "alias": "Volts",
          "groupBy": [
            {
              "params": [
                "$__interval"
              ],
              "type": "time"
            },
            {
              "params": [
                "linear"
              ],
              "type": "fill"
            }
          ],
          "measurement": "V",
          "orderByTime": "ASC",
          "policy": "default",
          "refId": "A",
          "resultFormat": "time_series",
          "select": [
            [
              {
                "params": [
                  "value"
                ],
                "type": "field"
              },
              {
                "params": [],
                "type": "mean"
              }
            ]
          ],
          "tags": [
            {
              "key": "entity_id",
              "operator": "=",
              "value": "6c_volts_a"
            }
          ]
        },
        {
          "alias": "Hz",
          "groupBy": [
            {
              "params": [
                "$__interval"
              ],
              "type": "time"
            },
            {
              "params": [
                "linear"
              ],
              "type": "fill"
            }
          ],
          "measurement": "hz",
          "orderByTime": "ASC",
          "policy": "default",
          "refId": "B",
          "resultFormat": "time_series",
          "select": [
            [
              {
                "params": [
                  "value"
                ],
                "type": "field"
              },
              {
                "params": [],
                "type": "mean"
              }
            ]
          ],
          "tags": [
            {
              "key": "entity_id",
              "operator": "=",
              "value": "6c_freq_a"
            }
          ]
        }
      ],
      "thresholds": [],
      "timeFrom": null,
      "timeRegions": [],
      "timeShift": null,
      "title": "Volts & Frequency",
      "tooltip": {
        "shared": true,
        "sort": 0,
        "value_type": "individual"
      },
      "type": "graph",
      "xaxis": {
        "buckets": null,
        "mode": "time",
        "name": null,
        "show": true,
        "values": []
      },
      "yaxes": [
        {
          "$$hashKey": "object:1695",
          "format": "volt",
          "label": null,
          "logBase": 1,
          "max": null,
          "min": null,
          "show": true
        },
        {
          "$$hashKey": "object:1696",
          "decimals": 2,
          "format": "rothz",
          "label": null,
          "logBase": 1,
          "max": null,
          "min": null,
          "show": true
        }
      ],
      "yaxis": {
        "align": false,
        "alignLevel": null
      }
    },
    {
      "aliasColors": {},
      "bars": false,
      "dashLength": 10,
      "dashes": false,
      "datasource": "${DS_HOMEASSISTANT}",
      "decimals": 2,
      "description": "",
      "fieldConfig": {
        "defaults": {
          "custom": {}
        },
        "overrides": []
      },
      "fill": 1,
      "fillGradient": 5,
      "gridPos": {
        "h": 11,
        "w": 12,
        "x": 0,
        "y": 4
      },
      "hiddenSeries": false,
      "id": 19,
      "legend": {
        "alignAsTable": true,
        "avg": false,
        "current": true,
        "hideEmpty": false,
        "max": false,
        "min": false,
        "rightSide": true,
        "show": true,
        "total": false,
        "values": true
      },
      "lines": true,
      "linewidth": 2,
      "nullPointMode": "null",
      "options": {
        "alertThreshold": true
      },
      "percentage": false,
      "pluginVersion": "7.3.3",
      "pointradius": 2,
      "points": false,
      "renderer": "flot",
      "seriesOverrides": [
        {
          "$$hashKey": "object:4109",
          "alias": "CT1 Cost",
          "yaxis": 1
        },
        {
          "$$hashKey": "object:4599",
          "alias": "CT2 Cost",
          "yaxis": 1
        },
        {
          "$$hashKey": "object:4600",
          "alias": "CT3 Cost",
          "yaxis": 1
        },
        {
          "$$hashKey": "object:4601",
          "alias": "CT4 Cost",
          "yaxis": 1
        },
        {
          "$$hashKey": "object:4602",
          "alias": "CT5 Cost",
          "yaxis": 1
        },
        {
          "$$hashKey": "object:4603",
          "alias": "CT6 Cost",
          "yaxis": 1
        }
      ],
      "spaceLength": 10,
      "stack": true,
      "steppedLine": false,
      "targets": [
        {
          "alias": "CT1",
          "groupBy": [
            {
              "params": [
                "10s"
              ],
              "type": "time"
            }
          ],
          "measurement": "W",
          "orderByTime": "ASC",
          "policy": "default",
          "refId": "B",
          "resultFormat": "time_series",
          "select": [
            [
              {
                "params": [
                  "value"
                ],
                "type": "field"
              },
              {
                "params": [],
                "type": "integral"
              },
              {
                "params": [],
                "type": "cumulative_sum"
              },
              {
                "params": [
                  " / 3600/1000*$cost"
                ],
                "type": "math"
              }
            ]
          ],
          "tags": [
            {
              "key": "entity_id",
              "operator": "=",
              "value": "6c_ct1_watts"
            }
          ]
        },
        {
          "alias": "CT2",
          "groupBy": [
            {
              "params": [
                "10s"
              ],
              "type": "time"
            }
          ],
          "measurement": "W",
          "orderByTime": "ASC",
          "policy": "default",
          "refId": "D",
          "resultFormat": "time_series",
          "select": [
            [
              {
                "params": [
                  "value"
                ],
                "type": "field"
              },
              {
                "params": [],
                "type": "integral"
              },
              {
                "params": [],
                "type": "cumulative_sum"
              },
              {
                "params": [
                  " / 3600/1000*$cost"
                ],
                "type": "math"
              }
            ]
          ],
          "tags": [
            {
              "key": "entity_id",
              "operator": "=",
              "value": "6c_ct2_watts"
            }
          ]
        },
        {
          "alias": "CT3",
          "groupBy": [
            {
              "params": [
                "10s"
              ],
              "type": "time"
            }
          ],
          "measurement": "W",
          "orderByTime": "ASC",
          "policy": "default",
          "refId": "F",
          "resultFormat": "time_series",
          "select": [
            [
              {
                "params": [
                  "value"
                ],
                "type": "field"
              },
              {
                "params": [],
                "type": "integral"
              },
              {
                "params": [],
                "type": "cumulative_sum"
              },
              {
                "params": [
                  " / 3600/1000*$cost"
                ],
                "type": "math"
              }
            ]
          ],
          "tags": [
            {
              "key": "entity_id",
              "operator": "=",
              "value": "6c_ct3_watts"
            }
          ]
        },
        {
          "alias": "CT4",
          "groupBy": [
            {
              "params": [
                "10s"
              ],
              "type": "time"
            }
          ],
          "measurement": "W",
          "orderByTime": "ASC",
          "policy": "default",
          "refId": "H",
          "resultFormat": "time_series",
          "select": [
            [
              {
                "params": [
                  "value"
                ],
                "type": "field"
              },
              {
                "params": [],
                "type": "integral"
              },
              {
                "params": [],
                "type": "cumulative_sum"
              },
              {
                "params": [
                  " / 3600/1000*$cost"
                ],
                "type": "math"
              }
            ]
          ],
          "tags": [
            {
              "key": "entity_id",
              "operator": "=",
              "value": "6c_ct4_watts"
            }
          ]
        },
        {
          "alias": "CT5",
          "groupBy": [
            {
              "params": [
                "10s"
              ],
              "type": "time"
            }
          ],
          "measurement": "W",
          "orderByTime": "ASC",
          "policy": "default",
          "refId": "J",
          "resultFormat": "time_series",
          "select": [
            [
              {
                "params": [
                  "value"
                ],
                "type": "field"
              },
              {
                "params": [],
                "type": "integral"
              },
              {
                "params": [],
                "type": "cumulative_sum"
              },
              {
                "params": [
                  " / 3600/1000*$cost"
                ],
                "type": "math"
              }
            ]
          ],
          "tags": [
            {
              "key": "entity_id",
              "operator": "=",
              "value": "6c_ct5_watts"
            }
          ]
        },
        {
          "alias": "CT6",
          "groupBy": [
            {
              "params": [
                "10s"
              ],
              "type": "time"
            }
          ],
          "measurement": "W",
          "orderByTime": "ASC",
          "policy": "default",
          "refId": "L",
          "resultFormat": "time_series",
          "select": [
            [
              {
                "params": [
                  "value"
                ],
                "type": "field"
              },
              {
                "params": [],
                "type": "integral"
              },
              {
                "params": [],
                "type": "cumulative_sum"
              },
              {
                "params": [
                  " / 3600/1000*$cost"
                ],
                "type": "math"
              }
            ]
          ],
          "tags": [
            {
              "key": "entity_id",
              "operator": "=",
              "value": "6c_ct6_watts"
            }
          ]
        }
      ],
      "thresholds": [],
      "timeFrom": null,
      "timeRegions": [],
      "timeShift": null,
      "title": "Circuit by Cost",
      "tooltip": {
        "shared": true,
        "sort": 0,
        "value_type": "individual"
      },
      "type": "graph",
      "xaxis": {
        "buckets": null,
        "mode": "time",
        "name": null,
        "show": true,
        "values": []
      },
      "yaxes": [
        {
          "$$hashKey": "object:3972",
          "format": "currencyUSD",
          "label": "",
          "logBase": 1,
          "max": null,
          "min": null,
          "show": true
        },
        {
          "$$hashKey": "object:3973",
          "decimals": null,
          "format": "currencyUSD",
          "label": "",
          "logBase": 1,
          "max": null,
          "min": null,
          "show": false
        }
      ],
      "yaxis": {
        "align": false,
        "alignLevel": null
      }
    },
    {
      "aliasColors": {
        "Amps": "blue",
        "Watts": "purple"
      },
      "bars": false,
      "dashLength": 10,
      "dashes": false,
      "datasource": "${DS_HOMEASSISTANT}",
      "description": "",
      "fieldConfig": {
        "defaults": {
          "custom": {}
        },
        "overrides": []
      },
      "fill": 5,
      "fillGradient": 10,
      "gridPos": {
        "h": 7,
        "w": 12,
        "x": 12,
        "y": 8
      },
      "hiddenSeries": false,
      "id": 14,
      "legend": {
        "alignAsTable": true,
        "avg": true,
        "current": true,
        "hideZero": false,
        "max": true,
        "min": true,
        "rightSide": false,
        "show": true,
        "total": false,
        "values": true
      },
      "lines": true,
      "linewidth": 1,
      "nullPointMode": "connected",
      "options": {
        "alertThreshold": true
      },
      "percentage": false,
      "pluginVersion": "7.3.3",
      "pointradius": 2,
      "points": false,
      "renderer": "flot",
      "seriesOverrides": [
        {
          "alias": "Amps",
          "yaxis": 2
        }
      ],
      "spaceLength": 10,
      "stack": false,
      "steppedLine": false,
      "targets": [
        {
          "alias": "Watts",
          "groupBy": [
            {
              "params": [
                "$__interval"
              ],
              "type": "time"
            },
            {
              "params": [
                "null"
              ],
              "type": "fill"
            }
          ],
          "measurement": "W",
          "orderByTime": "ASC",
          "policy": "default",
          "refId": "A",
          "resultFormat": "time_series",
          "select": [
            [
              {
                "params": [
                  "value"
                ],
                "type": "field"
              },
              {
                "params": [],
                "type": "mean"
              }
            ]
          ],
          "tags": [
            {
              "key": "entity_id",
              "operator": "=",
              "value": "6c_total_watts"
            }
          ]
        },
        {
          "alias": "Amps",
          "groupBy": [
            {
              "params": [
                "$__interval"
              ],
              "type": "time"
            },
            {
              "params": [
                "null"
              ],
              "type": "fill"
            }
          ],
          "measurement": "A",
          "orderByTime": "ASC",
          "policy": "default",
          "query": "SELECT mean(\"value\") FROM \"A\" WHERE (\"entity_id\" = '6c_ct1_amps') AND $timeFilter GROUP BY time($__interval) fill(null)",
          "rawQuery": false,
          "refId": "B",
          "resultFormat": "time_series",
          "select": [
            [
              {
                "params": [
                  "value"
                ],
                "type": "field"
              },
              {
                "params": [],
                "type": "mean"
              }
            ]
          ],
          "tags": [
            {
              "key": "entity_id",
              "operator": "=",
              "value": "6c_total_amps"
            }
          ]
        }
      ],
      "thresholds": [],
      "timeFrom": null,
      "timeRegions": [],
      "timeShift": null,
      "title": "Total Power",
      "tooltip": {
        "shared": true,
        "sort": 0,
        "value_type": "individual"
      },
      "type": "graph",
      "xaxis": {
        "buckets": null,
        "mode": "time",
        "name": null,
        "show": true,
        "values": []
      },
      "yaxes": [
        {
          "$$hashKey": "object:213",
          "format": "watt",
          "label": "Watts",
          "logBase": 1,
          "max": null,
          "min": null,
          "show": true
        },
        {
          "$$hashKey": "object:214",
          "format": "amp",
          "label": "Amps",
          "logBase": 1,
          "max": null,
          "min": null,
          "show": true
        }
      ],
      "yaxis": {
        "align": false,
        "alignLevel": 1
      }
    },
    {
      "aliasColors": {},
      "bars": false,
      "dashLength": 10,
      "dashes": false,
      "datasource": "${DS_HOMEASSISTANT}",
      "description": "Power from all CTs",
      "fieldConfig": {
        "defaults": {
          "custom": {}
        },
        "overrides": []
      },
      "fill": 1,
      "fillGradient": 3,
      "gridPos": {
        "h": 13,
        "w": 24,
        "x": 0,
        "y": 15
      },
      "hiddenSeries": false,
      "id": 2,
      "legend": {
        "alignAsTable": true,
        "avg": true,
        "current": true,
        "hideZero": false,
        "max": false,
        "min": false,
        "rightSide": true,
        "show": true,
        "total": true,
        "values": true
      },
      "lines": true,
      "linewidth": 2,
      "nullPointMode": "connected",
      "options": {
        "alertThreshold": true
      },
      "percentage": false,
      "pluginVersion": "7.3.3",
      "pointradius": 2,
      "points": false,
      "renderer": "flot",
      "seriesOverrides": [
        {
          "alias": "Amps",
          "yaxis": 2
        }
      ],
      "spaceLength": 10,
      "stack": false,
      "steppedLine": false,
      "targets": [
        {
          "alias": "CT1",
          "groupBy": [
            {
              "params": [
                "$__interval"
              ],
              "type": "time"
            },
            {
              "params": [
                "linear"
              ],
              "type": "fill"
            }
          ],
          "measurement": "W",
          "orderByTime": "ASC",
          "policy": "default",
          "refId": "A",
          "resultFormat": "time_series",
          "select": [
            [
              {
                "params": [
                  "value"
                ],
                "type": "field"
              },
              {
                "params": [],
                "type": "mean"
              }
            ]
          ],
          "tags": [
            {
              "key": "entity_id",
              "operator": "=",
              "value": "6c_ct1_watts"
            }
          ]
        },
        {
          "alias": "CT2",
          "groupBy": [
            {
              "params": [
                "$__interval"
              ],
              "type": "time"
            },
            {
              "params": [
                "linear"
              ],
              "type": "fill"
            }
          ],
          "measurement": "W",
          "orderByTime": "ASC",
          "policy": "default",
          "refId": "B",
          "resultFormat": "time_series",
          "select": [
            [
              {
                "params": [
                  "value"
                ],
                "type": "field"
              },
              {
                "params": [],
                "type": "mean"
              }
            ]
          ],
          "tags": [
            {
              "key": "entity_id",
              "operator": "=",
              "value": "6c_ct2_watts"
            }
          ]
        },
        {
          "alias": "CT3",
          "groupBy": [
            {
              "params": [
                "$__interval"
              ],
              "type": "time"
            },
            {
              "params": [
                "linear"
              ],
              "type": "fill"
            }
          ],
          "measurement": "W",
          "orderByTime": "ASC",
          "policy": "default",
          "refId": "C",
          "resultFormat": "time_series",
          "select": [
            [
              {
                "params": [
                  "value"
                ],
                "type": "field"
              },
              {
                "params": [],
                "type": "mean"
              }
            ]
          ],
          "tags": [
            {
              "key": "entity_id",
              "operator": "=",
              "value": "6c_ct3_watts"
            }
          ]
        },
        {
          "alias": "CT4",
          "groupBy": [
            {
              "params": [
                "$__interval"
              ],
              "type": "time"
            },
            {
              "params": [
                "linear"
              ],
              "type": "fill"
            }
          ],
          "measurement": "W",
          "orderByTime": "ASC",
          "policy": "default",
          "refId": "D",
          "resultFormat": "time_series",
          "select": [
            [
              {
                "params": [
                  "value"
                ],
                "type": "field"
              },
              {
                "params": [],
                "type": "mean"
              }
            ]
          ],
          "tags": [
            {
              "key": "entity_id",
              "operator": "=",
              "value": "6c_ct4_watts"
            }
          ]
        },
        {
          "alias": "CT5",
          "groupBy": [
            {
              "params": [
                "$__interval"
              ],
              "type": "time"
            },
            {
              "params": [
                "linear"
              ],
              "type": "fill"
            }
          ],
          "measurement": "W",
          "orderByTime": "ASC",
          "policy": "default",
          "refId": "E",
          "resultFormat": "time_series",
          "select": [
            [
              {
                "params": [
                  "value"
                ],
                "type": "field"
              },
              {
                "params": [],
                "type": "mean"
              }
            ]
          ],
          "tags": [
            {
              "key": "entity_id",
              "operator": "=",
              "value": "6c_ct5_watts"
            }
          ]
        },
        {
          "alias": "CT6",
          "groupBy": [
            {
              "params": [
                "$__interval"
              ],
              "type": "time"
            },
            {
              "params": [
                "linear"
              ],
              "type": "fill"
            }
          ],
          "measurement": "W",
          "orderByTime": "ASC",
          "policy": "default",
          "refId": "F",
          "resultFormat": "time_series",
          "select": [
            [
              {
                "params": [
                  "value"
                ],
                "type": "field"
              },
              {
                "params": [],
                "type": "mean"
              }
            ]
          ],
          "tags": [
            {
              "key": "entity_id",
              "operator": "=",
              "value": "6c_ct6_watts"
            }
          ]
        }
      ],
      "thresholds": [],
      "timeFrom": null,
      "timeRegions": [],
      "timeShift": null,
      "title": "Power",
      "tooltip": {
        "shared": true,
        "sort": 0,
        "value_type": "individual"
      },
      "type": "graph",
      "xaxis": {
        "buckets": null,
        "mode": "time",
        "name": null,
        "show": true,
        "values": []
      },
      "yaxes": [
        {
          "$$hashKey": "object:213",
          "format": "watt",
          "label": "Watts",
          "logBase": 2,
          "max": null,
          "min": null,
          "show": true
        },
        {
          "$$hashKey": "object:214",
          "format": "amp",
          "label": "Amps",
          "logBase": 1,
          "max": null,
          "min": null,
          "show": false
        }
      ],
      "yaxis": {
        "align": false,
        "alignLevel": 1
      }
    }
  ],
  "schemaVersion": 26,
  "style": "dark",
  "tags": [
    "Energy Meter"
  ],
  "templating": {
    "list": [
      {
        "current": {
          "selected": false,
          "text": "0.2",
          "value": "0.2"
        },
        "error": null,
        "hide": 0,
        "label": "Cost/kWh",
        "name": "cost",
        "options": [
          {
            "selected": true,
            "text": "0.2",
            "value": "0.2"
          }
        ],
        "query": "0.2",
        "skipUrlSync": false,
        "type": "textbox"
      }
    ]
  },
  "time": {
    "from": "now-24h",
    "to": "now"
  },
  "timepicker": {},
  "timezone": "",
  "title": "CircuitSetup 6 Channel Energy Meter",
  "uid": "r1a3izgRk",
  "version": 12
}
